AdSense Earnings Month,Channel ID,Revenue Source,Local Currency,Total Revenue By Source,US Sourced Revenue,Tax Withholding Rate,Tax Withheld Amount
202310,,Ads Revenue,USD,1484.862825,371.667991,0.00,0
202310,,Subscriptions Revenue - YouTube Premium / Music Premium,USD,263.537213,72.495968,0.00,0
202310,UC-2Cos5yzKR6SC7oN0d8TjQ,Subscriptions Revenue - YouTube Premium / Music Premium,USD,0.006992,0.0001,0.00,0
202310,UC-jZF7S11AdXB60pRRa44Nw,Ads Revenue,USD,26.381262,1.110819,0.00,0
202310,UC-jZF7S11AdXB60pRRa44Nw,Subscriptions Revenue - YouTube Premium / Music Premium,USD,0.577273,0.019606,0.00,0
202310,UC-jZF7S11AdXB60pRRa44Nw,YouTube Shorts - Ads Revenue,USD,0.500794,0.032361,0.00,0
202310,UC-jZF7S11AdXB60pRRa44Nw,YouTube Shorts - Subscription Revenue,USD,0.073365,0.004697,0.00,0
202310,UC-kBtbK8Btxiaq_YNWaBSiw,Ads Revenue,USD,7.838855,0.699075,0.00,0
202310,UC-kBtbK8Btxiaq_YNWaBSiw,Subscriptions Revenue - YouTube Premium / Music Premium,USD,0.103572,0.014291,0.00,0
202310,UC-t1HRNTGdbphMBbQ360PcQ,Ads Revenue,USD,111.528221,5.523896,0.00,0
202310,UC-t1HRNTGdbphMBbQ360PcQ,Subscriptions Revenue - YouTube Premium / Music Premium,USD,2.43552,0.031365,0.00,0
202310,UC-t1HRNTGdbphMBbQ360PcQ,YouTube Shorts - Ads Revenue,USD,0.540787,0.015295,0.00,0
202310,UC-t1HRNTGdbphMBbQ360PcQ,YouTube Shorts - Subscription Revenue,USD,0.058519,0.003334,0.00,0
202310,UC0-7fiJspJeakoKKvQ7TKdA,Ads Revenue,USD,0.067316,0.00122,24.00,0.016156
202310,UC0-7fiJspJeakoKKvQ7TKdA,Subscriptions Revenue - YouTube Premium / Music Premium,USD,0.006204,0.005852,24.00,0.001489
202310,UC0-7fiJspJeakoKKvQ7TKdA,YouTube Shorts - Ads Revenue,USD,12.792585,1.304743,24.00,3.07022
202310,UC0-7fiJspJeakoKKvQ7TKdA,YouTube Shorts - Subscription Revenue,USD,1.094156,0.172868,24.00,0.262597
202310,UC008Fw-xXEwCvI1uf_vYIig,Ads Revenue,USD,988.193523,249.210504,0.00,0
202310,UC008Fw-xXEwCvI1uf_vYIig,Subscriptions Revenue - YouTube Premium / Music Premium,USD,52.876779,17.405836,0.00,0
202310,UC008Fw-xXEwCvI1uf_vYIig,YouTube Shorts - Ads Revenue,USD,0.021427,0.005635,0.00,0
202310,UC008Fw-xXEwCvI1uf_vYIig,YouTube Shorts - Subscription Revenue,USD,0.003509,0.001229,0.00,0
202310,UC05PenzI00EerQHR_Z8Flfw,Ads Revenue,USD,22.216244,4.35293,0.00,0
202310,UC05PenzI00EerQHR_Z8Flfw,Subscriptions Revenue - YouTube Premium / Music Premium,USD,2.539916,0.470828,0.00,0
202310,UC05PenzI00EerQHR_Z8Flfw,YouTube Shorts - Ads Revenue,USD,0.005381,0.00161,0.00,0
202310,UC05PenzI00EerQHR_Z8Flfw,YouTube Shorts - Subscription Revenue,USD,0.002121,0.000648,0.00,0
202310,UC0aE8BdJnkQ5OrZTPC14Ihg,Ads Revenue,USD,70.378226,19.473882,0.00,0
202310,UC0aE8BdJnkQ5OrZTPC14Ihg,Subscriptions Revenue - YouTube Premium / Music Premium,USD,0.542819,0.410112,0.00,0
202310,UC1BMFYZxc1pBWw6bUnYkorw,Ads Revenue,USD,89.235787,6.456219,0.00,0
202310,UC1BMFYZxc1pBWw6bUnYkorw,Subscriptions Revenue - YouTube Premium / Music Premium,USD,10.780968,1.0587,0.00,0
202310,UC1TKzKqa_EYyJ13wUELnXlg,Ads Revenue,USD,1352.301565,351.332882,0.00,0
202310,UC1TKzKqa_EYyJ13wUELnXlg,Subscriptions Revenue - YouTube Premium / Music Premium,USD,22.46881,16.00924,0.00,0
202310,UC1TKzKqa_EYyJ13wUELnXlg,YouTube Shorts - Ads Revenue,USD,0.214029,0.063434,0.00,0
202310,UC1TKzKqa_EYyJ13wUELnXlg,YouTube Shorts - Subscription Revenue,USD,0.015654,0.009649,0.00,0
202310,UC1a2rnuwCw6rEbAxclIHkng,Ads Revenue,USD,2013.974632,351.318197,0.00,0
202310,UC1a2rnuwCw6rEbAxclIHkng,Subscriptions Revenue - YouTube Premium / Music Premium,USD,580.26086,96.906235,0.00,0
202310,UC1a2rnuwCw6rEbAxclIHkng,YouTube Shorts - Ads Revenue,USD,0.105199,0.023506,0.00,0
202310,UC1a2rnuwCw6rEbAxclIHkng,YouTube Shorts - Subscription Revenue,USD,0.051373,0.006783,0.00,0
202310,UC1xMyaZN_0zF3X7eDftO8LA,Ads Revenue,USD,12.89727,0.912888,24.00,3.095345
202310,UC1xMyaZN_0zF3X7eDftO8LA,Subscriptions Revenue - YouTube Premium / Music Premium,USD,0.172929,0.047374,24.00,0.041503
202310,UC1xMyaZN_0zF3X7eDftO8LA,YouTube Shorts - Ads Revenue,USD,0.602636,0.049266,24.00,0.144633
202310,UC1xMyaZN_0zF3X7eDftO8LA,YouTube Shorts - Subscription Revenue,USD,0.940857,0.078034,24.00,0.225806
202310,UC1zwhP1AUYwPMREcKJNgd7w,Ads Revenue,USD,132.245976,24.537286,0.00,0
202310,UC1zwhP1AUYwPMREcKJNgd7w,Subscriptions Revenue - YouTube Premium / Music Premium,USD,2.916421,1.937301,0.00,0
202310,UC1zwhP1AUYwPMREcKJNgd7w,YouTube Shorts - Ads Revenue,USD,0.180525,0.03059,0.00,0
202310,UC1zwhP1AUYwPMREcKJNgd7w,YouTube Shorts - Subscription Revenue,USD,0.003635,0.000724,0.00,0
202310,UC2Mn7Jo342EMJCl5SdtYF9w,Ads Revenue,USD,4943.148398,419.708309,0.00,0
202310,UC2Mn7Jo342EMJCl5SdtYF9w,Subscriptions Revenue - YouTube Premium / Music Premium,USD,187.100831,35.580341,0.00,0
202310,UC2hTZsvWudEcX48BZfRDgNA,Ads Revenue,USD,217.113269,53.925464,0.00,0
202310,UC2hTZsvWudEcX48BZfRDgNA,Subscriptions Revenue - YouTube Premium / Music Premium,USD,3.118201,2.412094,0.00,0
202310,UC32S5v_arlBOWT9reJTSuWw,Ads Revenue,USD,16.426472,7.871687,0.00,0
202310,UC32S5v_arlBOWT9reJTSuWw,Subscriptions Revenue - YouTube Premium / Music Premium,USD,1.320271,0.56238,0.00,0
202310,UC38l_soe1tSu6zTK9BIFfOA,Ads Revenue,USD,34.760395,8.651605,0.00,0
202310,UC38l_soe1tSu6zTK9BIFfOA,Subscriptions Revenue - YouTube Premium / Music Premium,USD,0.169828,0.124749,0.00,0
202310,UC3D5xH-D9CCXm5pj-SpB2_A,Ads Revenue,USD,0.567985,0.135397,24.00,0.136316
202310,UC3D5xH-D9CCXm5pj-SpB2_A,Subscriptions Revenue - YouTube Premium / Music Premium,USD,0.048489,0.000123,24.00,0.011637
202310,UC3MZGAYTsDQjgzmvGywc5Bw,Ads Revenue,USD,1220.127379,86.873038,0.00,0
202310,UC3MZGAYTsDQjgzmvGywc5Bw,Subscriptions Revenue - YouTube Premium / Music Premium,USD,77.872628,9.065427,0.00,0
202310,UC4O88FyMTPqFckXLhvdDeTg,Ads Revenue,USD,809.861863,230.82965,0.00,0
202310,UC4O88FyMTPqFckXLhvdDeTg,Subscriptions Revenue - YouTube Premium / Music Premium,USD,15.600679,10.516872,0.00,0
202310,UC4O88FyMTPqFckXLhvdDeTg,YouTube Shorts - Ads Revenue,USD,0.024505,0.006118,0.00,0
202310,UC4O88FyMTPqFckXLhvdDeTg,YouTube Shorts - Subscription Revenue,USD,0.001216,0.001074,0.00,0
202310,UC4ODf24wvxIFbDq6lQ7OaUg,Ads Revenue,USD,55.313447,8.091384,0.00,0
202310,UC4ODf24wvxIFbDq6lQ7OaUg,Subscriptions Revenue - YouTube Premium / Music Premium,USD,25.58177,3.500147,0.00,0
202310,UC4ODf24wvxIFbDq6lQ7OaUg,YouTube Shorts - Ads Revenue,USD,0.054537,0.01127,0.00,0
202310,UC4ODf24wvxIFbDq6lQ7OaUg,YouTube Shorts - Subscription Revenue,USD,0.026599,0.003401,0.00,0
202310,UC4WAsHhtleuEGKX9x_Kbd9w,Ads Revenue,USD,992.240422,156.005656,0.00,0
202310,UC4WAsHhtleuEGKX9x_Kbd9w,Subscriptions Revenue - YouTube Premium / Music Premium,USD,296.804011,51.253769,0.00,0
202310,UC4WAsHhtleuEGKX9x_Kbd9w,Transactions Revenue - Others,USD,6.242639,0,0.00,0
202310,UC4mQ2f-61S5oWV2FrIpKSKw,Ads Revenue,USD,7.077665,0.64397,0.00,0
202310,UC4mQ2f-61S5oWV2FrIpKSKw,Subscriptions Revenue - YouTube Premium / Music Premium,USD,0.181862,0.038584,0.00,0
202310,UC4qPceRNDN8q0ns4mihGI8g,Ads Revenue,USD,98.275636,29.652418,0.00,0
202310,UC4qPceRNDN8q0ns4mihGI8g,Subscriptions Revenue - YouTube Premium / Music Premium,USD,2.198585,1.612722,0.00,0
202310,UC5eIxpI8-v8g234eiK3YQCw,Ads Revenue,USD,36.495768,5.617386,0.00,0
202310,UC5eIxpI8-v8g234eiK3YQCw,Subscriptions Revenue - YouTube Premium / Music Premium,USD,0.349209,0.244391,0.00,0
202310,UC5eIxpI8-v8g234eiK3YQCw,YouTube Shorts - Ads Revenue,USD,0.003737,0.001288,0.00,0
202310,UC5eIxpI8-v8g234eiK3YQCw,YouTube Shorts - Subscription Revenue,USD,0.000235,0.000219,0.00,0
202310,UC5ifcXI8I7dl0QchZ39rZMw,Ads Revenue,USD,25.734907,13.060262,30.00,3.918079
202310,UC5ifcXI8I7dl0QchZ39rZMw,Subscriptions Revenue - YouTube Premium / Music Premium,USD,1.349143,0.997747,30.00,0.299324
202310,UC5ifcXI8I7dl0QchZ39rZMw,YouTube Shorts - Ads Revenue,USD,0.004366,0.003542,30.00,0.001063
202310,UC5ifcXI8I7dl0QchZ39rZMw,YouTube Shorts - Subscription Revenue,USD,0.005433,0.005256,30.00,0.001577
202310,UC6Qf4yK8kHuoL875yWNgvdw,Ads Revenue,USD,2039.034117,852.279966,0.00,0
202310,UC6Qf4yK8kHuoL875yWNgvdw,Subscriptions Revenue - YouTube Premium / Music Premium,USD,31.853686,15.389427,0.00,0
202310,UC6Qf4yK8kHuoL875yWNgvdw,YouTube Shorts - Ads Revenue,USD,0.115275,0.027853,0.00,0
202310,UC6Qf4yK8kHuoL875yWNgvdw,YouTube Shorts - Subscription Revenue,USD,0.00538,0.002181,0.00,0
202310,UC6ysicYBxCWR7VTkeLtcVjg,Ads Revenue,USD,13.774085,3.762762,0.00,0
202310,UC6ysicYBxCWR7VTkeLtcVjg,Subscriptions Revenue - YouTube Premium / Music Premium,USD,0.237639,0.167391,0.00,0
202310,UC7AJZSPEezJI_em1M7UVz4g,Ads Revenue,USD,116.850179,23.512397,0.00,0
202310,UC7AJZSPEezJI_em1M7UVz4g,Subscriptions Revenue - YouTube Premium / Music Premium,USD,2.376604,1.499137,0.00,0
202310,UC7vM0YHqJL2cGlA-O4rggNQ,Ads Revenue,USD,13.659445,5.328895,0.00,0
202310,UC7vM0YHqJL2cGlA-O4rggNQ,Subscriptions Revenue - YouTube Premium / Music Premium,USD,0.269911,0.210401,0.00,0
202310,UC8IsbzV8OVWCztmYkjUNc2A,Ads Revenue,USD,10.199273,4.442658,0.00,0
202310,UC8IsbzV8OVWCztmYkjUNc2A,Subscriptions Revenue - YouTube Premium / Music Premium,USD,0.113143,0.090872,0.00,0
202310,UC8IsbzV8OVWCztmYkjUNc2A,YouTube Shorts - Ads Revenue,USD,1.715271,0.372715,0.00,0
202310,UC8IsbzV8OVWCztmYkjUNc2A,YouTube Shorts - Subscription Revenue,USD,0.11688,0.042819,0.00,0
202310,UC8Uvvf9XC9BgbfSK0Q24GDw,Ads Revenue,USD,12.887787,1.004457,0.00,0
202310,UC8Uvvf9XC9BgbfSK0Q24GDw,Subscriptions Revenue - YouTube Premium / Music Premium,USD,0.676624,0.083643,0.00,0
202310,UC8Uvvf9XC9BgbfSK0Q24GDw,YouTube Shorts - Ads Revenue,USD,66.949697,9.66804,0.00,0
202310,UC8Uvvf9XC9BgbfSK0Q24GDw,YouTube Shorts - Subscription Revenue,USD,34.795359,4.772907,0.00,0
202310,UC9EPZw3Lfo0RehntXhtY5aQ,Ads Revenue,USD,0.055185,0.003326,24.00,0.013244
202310,UC9EPZw3Lfo0RehntXhtY5aQ,Subscriptions Revenue - YouTube Premium / Music Premium,USD,0.000309,0,24.00,0.000074
202310,UC9EPZw3Lfo0RehntXhtY5aQ,YouTube Shorts - Ads Revenue,USD,0.002094,0.000483,24.00,0.000503
202310,UC9EPZw3Lfo0RehntXhtY5aQ,YouTube Shorts - Subscription Revenue,USD,0.000017,0,24.00,0.000004
202310,UC9EpYzFb2thAfDKmvCspeBg,Ads Revenue,USD,13058.691506,786.048765,0.00,0
202310,UC9EpYzFb2thAfDKmvCspeBg,Subscriptions Revenue - YouTube Premium / Music Premium,USD,378.603339,49.559964,0.00,0
202310,UC9F7p-rCK-sesPGz5f2v1pQ,Ads Revenue,USD,10.168617,2.82612,0.00,0
202310,UC9F7p-rCK-sesPGz5f2v1pQ,Subscriptions Revenue - YouTube Premium / Music Premium,USD,0.779267,0.181735,0.00,0
202310,UC9a5ME6x1eFsA07tfJp3J0A,Ads Revenue,USD,0.083021,0,0.00,0
202310,UC9a5ME6x1eFsA07tfJp3J0A,YouTube Shorts - Ads Revenue,USD,0.001163,0.000161,0.00,0
202310,UC9a5ME6x1eFsA07tfJp3J0A,YouTube Shorts - Subscription Revenue,USD,0.000029,0,0.00,0
202310,UC9f6mDTraVw1rAh_RVekVnA,Ads Revenue,USD,7.607535,0.900329,0.00,0
202310,UC9f6mDTraVw1rAh_RVekVnA,Subscriptions Revenue - YouTube Premium / Music Premium,USD,0.111572,0.066727,0.00,0
202310,UC9f6mDTraVw1rAh_RVekVnA,YouTube Shorts - Ads Revenue,USD,0.000988,0.000161,0.00,0
202310,UC9wMofgOok17O5V_WR6KTQA,Ads Revenue,USD,2869.794177,339.214308,0.00,0
202310,UC9wMofgOok17O5V_WR6KTQA,Subscriptions Revenue - YouTube Premium / Music Premium,USD,253.361504,55.047821,0.00,0
202310,UCA8qi-Q6OXKO_zR4q7nbKDA,Ads Revenue,USD,1374.119975,61.573318,0.00,0
202310,UCA8qi-Q6OXKO_zR4q7nbKDA,Subscriptions Revenue - YouTube Premium / Music Premium,USD,64.375568,3.497094,0.00,0
202310,UCAQbOjyuXZ7ZrU2FxM85Emg,Ads Revenue,USD,41.167314,8.836525,0.00,0
202310,UCAQbOjyuXZ7ZrU2FxM85Emg,Subscriptions Revenue - YouTube Premium / Music Premium,USD,0.221644,0.162338,0.00,0
202310,UCAQbOjyuXZ7ZrU2FxM85Emg,YouTube Shorts - Ads Revenue,USD,0.110806,0.022218,0.00,0
202310,UCAQbOjyuXZ7ZrU2FxM85Emg,YouTube Shorts - Subscription Revenue,USD,0.002236,0.000876,0.00,0
202310,UCB---RZOCSaOkcM41ocJ3xg,Ads Revenue,USD,5.316362,1.726588,0.00,0
202310,UCB---RZOCSaOkcM41ocJ3xg,Subscriptions Revenue - YouTube Premium / Music Premium,USD,0.183497,0.111916,0.00,0
202310,UCBPHE2Kk9UCgdBOCUtBoiAA,Ads Revenue,USD,355.079749,185.737103,0.00,0
202310,UCBPHE2Kk9UCgdBOCUtBoiAA,Subscriptions Revenue - YouTube Premium / Music Premium,USD,13.682409,10.703052,0.00,0
202310,UCBPHE2Kk9UCgdBOCUtBoiAA,YouTube Shorts - Ads Revenue,USD,0.319877,0.162932,0.00,0
202310,UCBPHE2Kk9UCgdBOCUtBoiAA,YouTube Shorts - Subscription Revenue,USD,0.020394,0.014448,0.00,0
202310,UCCJVcQ8T98nOLp2WfASDDGw,Ads Revenue,USD,6.405935,0.982121,0.00,0
202310,UCCJVcQ8T98nOLp2WfASDDGw,Subscriptions Revenue - YouTube Premium / Music Premium,USD,0.179063,0.080535,0.00,0
202310,UCCStS-lw_GFsyL3w_bKxcVw,Ads Revenue,USD,19.889582,1.577269,0.00,0
202310,UCCStS-lw_GFsyL3w_bKxcVw,Subscriptions Revenue - YouTube Premium / Music Premium,USD,0.230895,0.151855,0.00,0
202310,UCCXZ-_ijzJPrMoREGToMsGA,Ads Revenue,USD,27.297249,11.825899,0.00,0
202310,UCCXZ-_ijzJPrMoREGToMsGA,Subscriptions Revenue - YouTube Premium / Music Premium,USD,0.42416,0.375588,0.00,0
202310,UCCZz7hgEuGwbaXCb8POAuUQ,Ads Revenue,USD,83.943418,8.999681,0.00,0
202310,UCCZz7hgEuGwbaXCb8POAuUQ,Subscriptions Revenue - YouTube Premium / Music Premium,USD,18.703214,2.990177,0.00,0
202310,UCD3cxCSDwsNVrOfHHpcqwQA,Ads Revenue,USD,161.905062,13.163083,0.00,0
202310,UCD3cxCSDwsNVrOfHHpcqwQA,Subscriptions Revenue - YouTube Premium / Music Premium,USD,34.71918,2.835119,0.00,0
202310,UCD3cxCSDwsNVrOfHHpcqwQA,YouTube Shorts - Ads Revenue,USD,0.004987,0.000161,0.00,0
202310,UCD3cxCSDwsNVrOfHHpcqwQA,YouTube Shorts - Subscription Revenue,USD,0.000958,0.000219,0.00,0
202310,UCDMY7YfaRqq1nU097efC_Vw,Ads Revenue,USD,2.313092,0.754312,0.00,0
202310,UCDMY7YfaRqq1nU097efC_Vw,Subscriptions Revenue - YouTube Premium / Music Premium,USD,0.007514,0.007196,0.00,0
202310,UCDMY7YfaRqq1nU097efC_Vw,YouTube Shorts - Ads Revenue,USD,0.150367,0.037674,0.00,0
202310,UCDMY7YfaRqq1nU097efC_Vw,YouTube Shorts - Subscription Revenue,USD,0.00405,0.003115,0.00,0
202310,UCDTDxIGJ_u0_D8bPi41j1Kw,Ads Revenue,USD,70.898388,17.845014,0.00,0
202310,UCDTDxIGJ_u0_D8bPi41j1Kw,Subscriptions Revenue - YouTube Premium / Music Premium,USD,2.401785,1.462901,0.00,0
202310,UCDTDxIGJ_u0_D8bPi41j1Kw,YouTube Shorts - Ads Revenue,USD,0.005304,0.000322,0.00,0
202310,UCDTDxIGJ_u0_D8bPi41j1Kw,YouTube Shorts - Subscription Revenue,USD,0.000343,0,0.00,0
202310,UCDWzcLoC5eSOVGFKDinOEbQ,Ads Revenue,USD,10047.640112,1177.458438,0.00,0
202310,UCDWzcLoC5eSOVGFKDinOEbQ,Subscriptions Revenue - YouTube Premium / Music Premium,USD,331.246463,65.159867,0.00,0
202310,UCDh7K9Gap5t62GPly8IVRfg,Ads Revenue,USD,7.326968,2.52297,0.00,0
202310,UCDh7K9Gap5t62GPly8IVRfg,Subscriptions Revenue - YouTube Premium / Music Premium,USD,0.163667,0.157901,0.00,0
202310,UCDh7K9Gap5t62GPly8IVRfg,YouTube Shorts - Ads Revenue,USD,0.013858,0.007084,0.00,0
202310,UCDh7K9Gap5t62GPly8IVRfg,YouTube Shorts - Subscription Revenue,USD,0.001864,0.001457,0.00,0
202310,UCE0pVinvk91KEaN9vqWRBOg,Ads Revenue,USD,0.062447,0,24.00,0.014987
202310,UCE0pVinvk91KEaN9vqWRBOg,Subscriptions Revenue - YouTube Premium / Music Premium,USD,0.053193,0.034709,24.00,0.012766
202310,UCEHF-l2v0qhi_IXzrfc3uZg,Ads Revenue,USD,2129.589892,859.141371,0.00,0
202310,UCEHF-l2v0qhi_IXzrfc3uZg,Subscriptions Revenue - YouTube Premium / Music Premium,USD,84.743657,63.298477,0.00,0
202310,UCEHF-l2v0qhi_IXzrfc3uZg,YouTube Shorts - Ads Revenue,USD,0.073874,0.041215,0.00,0
202310,UCEHF-l2v0qhi_IXzrfc3uZg,YouTube Shorts - Subscription Revenue,USD,0.017247,0.01221,0.00,0
202310,UCFJJf7CX2VfipRPO1edAqNA,Ads Revenue,USD,1.272667,0.289115,0.00,0
202310,UCFJJf7CX2VfipRPO1edAqNA,Subscriptions Revenue - YouTube Premium / Music Premium,USD,0.027624,0.002298,0.00,0
202310,UCFJJf7CX2VfipRPO1edAqNA,YouTube Shorts - Ads Revenue,USD,0.001919,0.000805,0.00,0
202310,UCFocwShiG-n_mvAvVUz4bcQ,Ads Revenue,USD,0.14829,0,0.00,0
202310,UCFst6MUGr31pE_xF9yI51gg,Ads Revenue,USD,34.746594,3.028565,0.00,0
202310,UCFst6MUGr31pE_xF9yI51gg,Subscriptions Revenue - YouTube Premium / Music Premium,USD,3.043822,0.330014,0.00,0
202310,UCH3aykLBIT6LvdlR-NG9KhA,Ads Revenue,USD,105.681303,27.796589,0.00,0
202310,UCH3aykLBIT6LvdlR-NG9KhA,Subscriptions Revenue - YouTube Premium / Music Premium,USD,1.725641,1.265632,0.00,0
202310,UCHwzAWWttnduWg7gv7OMyUA,Ads Revenue,USD,13.549055,4.314466,0.00,0
202310,UCHwzAWWttnduWg7gv7OMyUA,Subscriptions Revenue - YouTube Premium / Music Premium,USD,0.278554,0.162529,0.00,0
202310,UCIOQnKkjaRLRCedaJdEZNWg,Ads Revenue,USD,138.111719,43.986111,0.00,0
202310,UCIOQnKkjaRLRCedaJdEZNWg,Subscriptions Revenue - YouTube Premium / Music Premium,USD,2.666073,2.051412,0.00,0
202310,UCIOQnKkjaRLRCedaJdEZNWg,YouTube Shorts - Ads Revenue,USD,0.072063,0.017066,0.00,0
202310,UCIOQnKkjaRLRCedaJdEZNWg,YouTube Shorts - Subscription Revenue,USD,0.001167,0.000362,0.00,0
202310,UCKAJK-CxotE6u6PYqMG8vUQ,Ads Revenue,USD,1267.197336,349.968979,0.00,0
202310,UCKAJK-CxotE6u6PYqMG8vUQ,Subscriptions Revenue - YouTube Premium / Music Premium,USD,17.784427,13.032142,0.00,0
202310,UCKAJK-CxotE6u6PYqMG8vUQ,YouTube Shorts - Ads Revenue,USD,0.059357,0.020447,0.00,0
202310,UCKAJK-CxotE6u6PYqMG8vUQ,YouTube Shorts - Subscription Revenue,USD,0.003382,0.002877,0.00,0
202310,UCKZineDZMYX-Smc_Q4taEiw,Ads Revenue,USD,148.690333,23.243885,0.00,0
202310,UCKZineDZMYX-Smc_Q4taEiw,Subscriptions Revenue - YouTube Premium / Music Premium,USD,0.481481,0.226831,0.00,0
202310,UCKZineDZMYX-Smc_Q4taEiw,YouTube Shorts - Ads Revenue,USD,2.078973,0.685377,0.00,0
202310,UCKZineDZMYX-Smc_Q4taEiw,YouTube Shorts - Subscription Revenue,USD,0.052942,0.032844,0.00,0
202310,UCKaB4TBa1bsIotb-F7UYzrQ,Ads Revenue,USD,3091.342475,366.39702,0.00,0
202310,UCKaB4TBa1bsIotb-F7UYzrQ,Subscriptions Revenue - YouTube Premium / Music Premium,USD,276.344558,43.434807,0.00,0
202310,UCKheqA1hB12yiJ1EtAx85mw,Ads Revenue,USD,5.843344,0.771915,0.00,0
202310,UCKheqA1hB12yiJ1EtAx85mw,Subscriptions Revenue - YouTube Premium / Music Premium,USD,0.109398,0.099712,0.00,0
202310,UCKheqA1hB12yiJ1EtAx85mw,YouTube Shorts - Ads Revenue,USD,0.015069,0.001932,0.00,0
202310,UCKheqA1hB12yiJ1EtAx85mw,YouTube Shorts - Subscription Revenue,USD,0.000166,0,0.00,0
202310,UCL6IdMqhSfbZyym_Zio_vOQ,Ads Revenue,USD,179.39886,24.888998,0.00,0
202310,UCL6IdMqhSfbZyym_Zio_vOQ,Subscriptions Revenue - YouTube Premium / Music Premium,USD,23.239682,2.971349,0.00,0
202310,UCL6IdMqhSfbZyym_Zio_vOQ,YouTube Shorts - Ads Revenue,USD,0.060484,0.013363,0.00,0
202310,UCL6IdMqhSfbZyym_Zio_vOQ,YouTube Shorts - Subscription Revenue,USD,0.023522,0.003906,0.00,0
202310,UCLS4weiQw3KA-G_XwleNteA,Ads Revenue,USD,65.838559,17.438798,0.00,0
202310,UCLS4weiQw3KA-G_XwleNteA,Subscriptions Revenue - YouTube Premium / Music Premium,USD,0.529578,0.426931,0.00,0
202310,UCLS4weiQw3KA-G_XwleNteA,YouTube Shorts - Ads Revenue,USD,0.022775,0.010625,0.00,0
202310,UCLS4weiQw3KA-G_XwleNteA,YouTube Shorts - Subscription Revenue,USD,0.001943,0.001895,0.00,0
202310,UCLsf6i7L7SOVb9c6aGNnGfQ,Ads Revenue,USD,0.49402,0.037016,0.00,0
202310,UCLsf6i7L7SOVb9c6aGNnGfQ,Subscriptions Revenue - YouTube Premium / Music Premium,USD,0.014998,0.000423,0.00,0
202310,UCLsf6i7L7SOVb9c6aGNnGfQ,YouTube Shorts - Ads Revenue,USD,0.048585,0.005635,0.00,0
202310,UCLsf6i7L7SOVb9c6aGNnGfQ,YouTube Shorts - Subscription Revenue,USD,0.004596,0.000362,0.00,0
202310,UCMNq5vLHxLgJBmAbvv375PA,Ads Revenue,USD,121.716197,35.217993,0.00,0
202310,UCMNq5vLHxLgJBmAbvv375PA,Subscriptions Revenue - YouTube Premium / Music Premium,USD,1.584289,1.18768,0.00,0
202310,UCMNq5vLHxLgJBmAbvv375PA,YouTube Shorts - Ads Revenue,USD,0.14942,0.061502,0.00,0
202310,UCMNq5vLHxLgJBmAbvv375PA,YouTube Shorts - Subscription Revenue,USD,0.008054,0.006391,0.00,0
202310,UCN-G3lluLsrK7O-4RjEUpIQ,Ads Revenue,USD,16.138484,3.103781,0.00,0
202310,UCN-G3lluLsrK7O-4RjEUpIQ,Subscriptions Revenue - YouTube Premium / Music Premium,USD,0.042597,0.030667,0.00,0
202310,UCN-G3lluLsrK7O-4RjEUpIQ,YouTube Shorts - Ads Revenue,USD,0.004893,0.000483,0.00,0
202310,UCNPlaiFIRm3gjqAIguQTGXw,Ads Revenue,USD,12.004044,1.42747,0.00,0
202310,UCNPlaiFIRm3gjqAIguQTGXw,Subscriptions Revenue - YouTube Premium / Music Premium,USD,0.293807,0.113674,0.00,0
202310,UCNPlaiFIRm3gjqAIguQTGXw,YouTube Shorts - Ads Revenue,USD,0.001511,0,0.00,0
202310,UCNYRMxwq7oADgxklM-RO3-g,Ads Revenue,USD,224.576311,76.581381,0.00,0
202310,UCNYRMxwq7oADgxklM-RO3-g,Subscriptions Revenue - YouTube Premium / Music Premium,USD,3.871043,2.951752,0.00,0
202310,UCNYRMxwq7oADgxklM-RO3-g,YouTube Shorts - Ads Revenue,USD,0.00682,0.002093,0.00,0
202310,UCNYRMxwq7oADgxklM-RO3-g,YouTube Shorts - Subscription Revenue,USD,0.000444,0.000362,0.00,0
202310,UCNaYR4PA5-MXMYRgPwF7ZFQ,Ads Revenue,USD,44.363254,5.447949,0.00,0
202310,UCNaYR4PA5-MXMYRgPwF7ZFQ,Subscriptions Revenue - YouTube Premium / Music Premium,USD,18.101379,1.290782,0.00,0
202310,UCNaYR4PA5-MXMYRgPwF7ZFQ,YouTube Shorts - Ads Revenue,USD,26.31707,2.736192,0.00,0
202310,UCNaYR4PA5-MXMYRgPwF7ZFQ,YouTube Shorts - Subscription Revenue,USD,9.574136,0.843408,0.00,0
202310,UCOsedyG01MvSg8hGuPnQuvA,Ads Revenue,USD,66.853815,17.230543,0.00,0
202310,UCOsedyG01MvSg8hGuPnQuvA,Subscriptions Revenue - YouTube Premium / Music Premium,USD,2.247029,1.554454,0.00,0
202310,UCOwIAgUnDIwhwiNLpKfsYFg,Ads Revenue,USD,38.188392,7.658528,0.00,0
202310,UCOwIAgUnDIwhwiNLpKfsYFg,Subscriptions Revenue - YouTube Premium / Music Premium,USD,0.330539,0.236477,0.00,0
202310,UCQHeec-WNEx9zlIGrELgifA,Ads Revenue,USD,20349.064983,8991.417639,0.00,0
202310,UCQHeec-WNEx9zlIGrELgifA,Subscriptions Revenue - YouTube Premium / Music Premium,USD,418.639028,222.050186,0.00,0
202310,UCQHeec-WNEx9zlIGrELgifA,YouTube Shorts - Ads Revenue,USD,0.095798,0.048622,0.00,0
202310,UCQHeec-WNEx9zlIGrELgifA,YouTube Shorts - Subscription Revenue,USD,0.003291,0.001819,0.00,0
202310,UCR-jqZGzjLQLC4HmQUl7ecg,Ads Revenue,USD,36.505901,9.522275,0.00,0
202310,UCR-jqZGzjLQLC4HmQUl7ecg,Subscriptions Revenue - YouTube Premium / Music Premium,USD,0.525296,0.3918,0.00,0
202310,UCR-jqZGzjLQLC4HmQUl7ecg,YouTube Shorts - Ads Revenue,USD,0.040291,0.009338,0.00,0
202310,UCR-jqZGzjLQLC4HmQUl7ecg,YouTube Shorts - Subscription Revenue,USD,0.003686,0.002895,0.00,0
202310,UCRRYwfneEIDkaj6XCpjJ-ew,Ads Revenue,USD,16.079048,3.805152,0.00,0
202310,UCRRYwfneEIDkaj6XCpjJ-ew,Subscriptions Revenue - YouTube Premium / Music Premium,USD,0.098498,0.069117,0.00,0
202310,UCRRYwfneEIDkaj6XCpjJ-ew,YouTube Shorts - Ads Revenue,USD,0.307616,0.070357,0.00,0
202310,UCRRYwfneEIDkaj6XCpjJ-ew,YouTube Shorts - Subscription Revenue,USD,0.004991,0.001305,0.00,0
202310,UCRSGQawn1TYX6SDBO-DCp9A,Ads Revenue,USD,20.110998,12.212038,0.00,0
202310,UCRSGQawn1TYX6SDBO-DCp9A,Subscriptions Revenue - YouTube Premium / Music Premium,USD,0.356582,0.319019,0.00,0
202310,UCRSGQawn1TYX6SDBO-DCp9A,YouTube Shorts - Ads Revenue,USD,0.051625,0.023989,0.00,0
202310,UCRSGQawn1TYX6SDBO-DCp9A,YouTube Shorts - Subscription Revenue,USD,0.003118,0.002524,0.00,0
202310,UCR_wzGUhFSKhAoWaCtKJHTQ,Ads Revenue,USD,33.792449,3.093915,0.00,0
202310,UCR_wzGUhFSKhAoWaCtKJHTQ,Subscriptions Revenue - YouTube Premium / Music Premium,USD,2.715892,0.555555,0.00,0
202310,UCR_wzGUhFSKhAoWaCtKJHTQ,YouTube Shorts - Ads Revenue,USD,0.000475,0.000161,0.00,0
202310,UCR_wzGUhFSKhAoWaCtKJHTQ,YouTube Shorts - Subscription Revenue,USD,0.00019,0.000143,0.00,0
202310,UCS2R2-Dd9j-8ZtwyI3OlA5g,Ads Revenue,USD,26.672376,6.16884,0.00,0
202310,UCS2R2-Dd9j-8ZtwyI3OlA5g,Subscriptions Revenue - YouTube Premium / Music Premium,USD,0.187212,0.112156,0.00,0
202310,UCS2R2-Dd9j-8ZtwyI3OlA5g,YouTube Shorts - Ads Revenue,USD,0.009649,0.001449,0.00,0
202310,UCS2R2-Dd9j-8ZtwyI3OlA5g,YouTube Shorts - Subscription Revenue,USD,0.000277,0,0.00,0
202310,UCSL73SVNqL3lE5RVJdIHUDA,Ads Revenue,USD,492.378278,94.186394,0.00,0
202310,UCSL73SVNqL3lE5RVJdIHUDA,Subscriptions Revenue - YouTube Premium / Music Premium,USD,6.223558,4.347773,0.00,0
202310,UCSL73SVNqL3lE5RVJdIHUDA,YouTube Shorts - Ads Revenue,USD,0.348839,0.088066,0.00,0
202310,UCSL73SVNqL3lE5RVJdIHUDA,YouTube Shorts - Subscription Revenue,USD,0.015267,0.011191,0.00,0
202310,UCStkl8V_wcKOpiCiA5ccHKg,Ads Revenue,USD,29.812434,12.133722,0.00,0
202310,UCStkl8V_wcKOpiCiA5ccHKg,Subscriptions Revenue - YouTube Premium / Music Premium,USD,0.470286,0.350408,0.00,0
202310,UCStkl8V_wcKOpiCiA5ccHKg,YouTube Shorts - Ads Revenue,USD,0.001162,0.000805,0.00,0
202310,UCSwmLxrSnvlbO-yRjvMRnPw,Ads Revenue,USD,396.782071,59.945259,0.00,0
202310,UCSwmLxrSnvlbO-yRjvMRnPw,Subscriptions Revenue - YouTube Premium / Music Premium,USD,54.420612,7.730435,0.00,0
202310,UCSwmLxrSnvlbO-yRjvMRnPw,Super Thanks,USD,7.071954,0,0.00,0
202310,UCTEZxfUxEtY4TOsFKv80fnQ,Ads Revenue,USD,149.698172,8.136864,0.00,0
202310,UCTEZxfUxEtY4TOsFKv80fnQ,Subscriptions Revenue - YouTube Premium / Music Premium,USD,2.159602,0.26068,0.00,0
202310,UCTEZxfUxEtY4TOsFKv80fnQ,Super Thanks,USD,1.001912,0,0.00,0
202310,UCTEZxfUxEtY4TOsFKv80fnQ,YouTube Shorts - Ads Revenue,USD,959.475124,87.553751,0.00,0
202310,UCTEZxfUxEtY4TOsFKv80fnQ,YouTube Shorts - Subscription Revenue,USD,49.08175,6.692808,0.00,0
202310,UCTXvZjcfgmM_YIREPnP5Efw,Ads Revenue,USD,1994.701356,134.023377,0.00,0
202310,UCTXvZjcfgmM_YIREPnP5Efw,Subscriptions Revenue - YouTube Premium / Music Premium,USD,75.05146,11.244404,0.00,0
202310,UCTgJ97NMBg5SNx6m8nKD86w,Ads Revenue,USD,34.481605,13.228526,0.00,0
202310,UCTgJ97NMBg5SNx6m8nKD86w,Subscriptions Revenue - YouTube Premium / Music Premium,USD,0.497013,0.271955,0.00,0
202310,UCTgJ97NMBg5SNx6m8nKD86w,YouTube Shorts - Ads Revenue,USD,0.102688,0.029946,0.00,0
202310,UCTgJ97NMBg5SNx6m8nKD86w,YouTube Shorts - Subscription Revenue,USD,0.006442,0.005067,0.00,0
202310,UCTi9hSRqXukbYnKSUqFz3gg,Ads Revenue,USD,1.991835,1.120566,0.00,0
202310,UCTi9hSRqXukbYnKSUqFz3gg,Subscriptions Revenue - YouTube Premium / Music Premium,USD,0.048009,0.039363,0.00,0
202310,UCTi9hSRqXukbYnKSUqFz3gg,YouTube Shorts - Ads Revenue,USD,0.000051,0,0.00,0
202310,UCTjMMBnbbbFsjcwizqEDwtg,Ads Revenue,USD,2.278175,0.476697,0.00,0
202310,UCTjMMBnbbbFsjcwizqEDwtg,Subscriptions Revenue - YouTube Premium / Music Premium,USD,0.010361,0.005186,0.00,0
202310,UCTjMMBnbbbFsjcwizqEDwtg,YouTube Shorts - Ads Revenue,USD,0.029826,0.011109,0.00,0
202310,UCTjMMBnbbbFsjcwizqEDwtg,YouTube Shorts - Subscription Revenue,USD,0.001787,0.000867,0.00,0
202310,UCTv-LiCgXwGw88jG1a2BVFQ,Ads Revenue,USD,12.167996,3.723037,0.00,0
202310,UCTv-LiCgXwGw88jG1a2BVFQ,Subscriptions Revenue - YouTube Premium / Music Premium,USD,0.39213,0.274347,0.00,0
202310,UCTv-LiCgXwGw88jG1a2BVFQ,YouTube Shorts - Ads Revenue,USD,3.9117,1.188172,0.00,0
202310,UCTv-LiCgXwGw88jG1a2BVFQ,YouTube Shorts - Subscription Revenue,USD,0.113022,0.041641,0.00,0
202310,UCUcfj-tymvPmDe8WSp4nPdA,Ads Revenue,USD,70.053172,9.330015,0.00,0
202310,UCUcfj-tymvPmDe8WSp4nPdA,Subscriptions Revenue - YouTube Premium / Music Premium,USD,7.726759,1.131387,0.00,0
202310,UCUcfj-tymvPmDe8WSp4nPdA,YouTube Shorts - Ads Revenue,USD,50.242605,8.016183,0.00,0
202310,UCUcfj-tymvPmDe8WSp4nPdA,YouTube Shorts - Subscription Revenue,USD,20.338503,2.958994,0.00,0
202310,UCUj543FGmw4PqOj29UwOKoA,Ads Revenue,USD,21.235879,3.144102,0.00,0
202310,UCUj543FGmw4PqOj29UwOKoA,Subscriptions Revenue - YouTube Premium / Music Premium,USD,0.304155,0.186722,0.00,0
202310,UCUj543FGmw4PqOj29UwOKoA,YouTube Shorts - Ads Revenue,USD,0.000041,0,0.00,0
202310,UCUjSz42PpFew6_5o9VvGI8w,Ads Revenue,USD,17.514312,4.950498,0.00,0
202310,UCUjSz42PpFew6_5o9VvGI8w,Subscriptions Revenue - YouTube Premium / Music Premium,USD,0.151744,0.074139,0.00,0
202310,UCUjSz42PpFew6_5o9VvGI8w,YouTube Shorts - Ads Revenue,USD,0.000668,0.000483,0.00,0
202310,UCV4x8RMG9IXz1lLVoW39s-g,Ads Revenue,USD,12191.366162,6348.398985,0.00,0
202310,UCV4x8RMG9IXz1lLVoW39s-g,Subscriptions Revenue - YouTube Premium / Music Premium,USD,196.931107,103.221694,0.00,0
202310,UCV4x8RMG9IXz1lLVoW39s-g,YouTube Shorts - Ads Revenue,USD,0.050678,0.025921,0.00,0
202310,UCV4x8RMG9IXz1lLVoW39s-g,YouTube Shorts - Subscription Revenue,USD,0.001934,0.000581,0.00,0
202310,UCV83X2tdxaMFN8NCgjrfhgg,Ads Revenue,USD,1.054598,0.240149,0.00,0
202310,UCV83X2tdxaMFN8NCgjrfhgg,Subscriptions Revenue - YouTube Premium / Music Premium,USD,0.010858,0.010727,0.00,0
202310,UCV83X2tdxaMFN8NCgjrfhgg,YouTube Shorts - Ads Revenue,USD,0.000088,0,0.00,0
202310,UCVxx75YClZ2NZB6kQJpup0A,Ads Revenue,USD,59.724305,15.192376,0.00,0
202310,UCVxx75YClZ2NZB6kQJpup0A,Subscriptions Revenue - YouTube Premium / Music Premium,USD,0.572599,0.393683,0.00,0
202310,UCWRGB5EEhiW5X7OhyvGTPJg,Ads Revenue,USD,9.720047,2.805716,0.00,0
202310,UCWRGB5EEhiW5X7OhyvGTPJg,Subscriptions Revenue - YouTube Premium / Music Premium,USD,0.446563,0.293216,0.00,0
202310,UCWZ57aki9Xi0ZqhVBwZ87Pw,Ads Revenue,USD,430.958768,44.608784,0.00,0
202310,UCWZ57aki9Xi0ZqhVBwZ87Pw,Subscriptions Revenue - YouTube Premium / Music Premium,USD,74.671495,6.922017,0.00,0
202310,UCWkWE0rMMJshs4QX7i7LLxQ,Ads Revenue,USD,21.101727,1.933038,0.00,0
202310,UCWkWE0rMMJshs4QX7i7LLxQ,Subscriptions Revenue - YouTube Premium / Music Premium,USD,2.325018,0.205728,0.00,0
202310,UCXIFMVnJjBGW8rJTp6SPmOg,Ads Revenue,USD,4865.047553,542.427528,0.00,0
202310,UCXIFMVnJjBGW8rJTp6SPmOg,Subscriptions Revenue - YouTube Premium / Music Premium,USD,208.399912,40.058692,0.00,0
202310,UCXexo3mGee6hqW11hCnnYMw,Ads Revenue,USD,9.373109,0.321616,0.00,0
202310,UCXexo3mGee6hqW11hCnnYMw,Subscriptions Revenue - YouTube Premium / Music Premium,USD,0.048217,0.003782,0.00,0
202310,UCXexo3mGee6hqW11hCnnYMw,YouTube Shorts - Ads Revenue,USD,113.001048,4.827555,0.00,0
202310,UCXexo3mGee6hqW11hCnnYMw,YouTube Shorts - Subscription Revenue,USD,5.729846,0.428423,0.00,0
202310,UCXkqdE4Yi50wdMo5dlLfnNQ,Ads Revenue,USD,124.154501,6.864865,0.00,0
202310,UCXkqdE4Yi50wdMo5dlLfnNQ,Subscriptions Revenue - YouTube Premium / Music Premium,USD,1.844854,0.136109,0.00,0
202310,UCXkqdE4Yi50wdMo5dlLfnNQ,YouTube Shorts - Ads Revenue,USD,30.013469,6.697749,0.00,0
202310,UCXkqdE4Yi50wdMo5dlLfnNQ,YouTube Shorts - Subscription Revenue,USD,1.764154,0.273676,0.00,0
202310,UCYhmprukuCJ7Kk_rUVLsgdg,Ads Revenue,USD,163.789188,39.749641,0.00,0
202310,UCYhmprukuCJ7Kk_rUVLsgdg,Subscriptions Revenue - YouTube Premium / Music Premium,USD,2.709866,2.085595,0.00,0
202310,UCYhmprukuCJ7Kk_rUVLsgdg,YouTube Shorts - Ads Revenue,USD,0.421657,0.124452,0.00,0
202310,UCYhmprukuCJ7Kk_rUVLsgdg,YouTube Shorts - Subscription Revenue,USD,0.011455,0.00723,0.00,0
202310,UCZvFwA9WEsYgFEXbmlGQohA,Ads Revenue,USD,402.703543,56.015661,24.00,96.64885
202310,UCZvFwA9WEsYgFEXbmlGQohA,Subscriptions Revenue - YouTube Premium / Music Premium,USD,50.47352,9.246386,24.00,12.113645
202310,UCZvFwA9WEsYgFEXbmlGQohA,Transactions Revenue - Others,USD,343.444301,108.388,24.00,82.426632
202310,UCZvFwA9WEsYgFEXbmlGQohA,Super Thanks,USD,9.608986,4.9,24.00,2.306157
202310,UCZvFwA9WEsYgFEXbmlGQohA,YouTube Shorts - Ads Revenue,USD,1.112484,0.175812,24.00,0.266996
202310,UCZvFwA9WEsYgFEXbmlGQohA,YouTube Shorts - Subscription Revenue,USD,0.108269,0.023043,24.00,0.025985
202310,UC_SRg2yHkn32sx7yagqrVVA,Ads Revenue,USD,76.94533,22.979865,0.00,0
202310,UC_SRg2yHkn32sx7yagqrVVA,Subscriptions Revenue - YouTube Premium / Music Premium,USD,0.913326,0.608013,0.00,0
202310,UC_iOQ7pIubw8fmd4vxVp3wg,Ads Revenue,USD,3903.748678,394.825086,0.00,0
202310,UC_iOQ7pIubw8fmd4vxVp3wg,Subscriptions Revenue - YouTube Premium / Music Premium,USD,238.984216,58.77275,0.00,0
202310,UC_teEUw0vGCnYzvvQMuaK9w,Ads Revenue,USD,164.376025,59.263275,0.00,0
202310,UC_teEUw0vGCnYzvvQMuaK9w,Subscriptions Revenue - YouTube Premium / Music Premium,USD,4.696259,3.481799,0.00,0
202310,UC_teEUw0vGCnYzvvQMuaK9w,YouTube Shorts - Ads Revenue,USD,0.036798,0.0161,0.00,0
202310,UC_teEUw0vGCnYzvvQMuaK9w,YouTube Shorts - Subscription Revenue,USD,0.002549,0.001591,0.00,0
202310,UCazOq8NVP9o6Yh-o0g5hwxg,Ads Revenue,USD,7.644512,1.289958,0.00,0
202310,UCazOq8NVP9o6Yh-o0g5hwxg,Subscriptions Revenue - YouTube Premium / Music Premium,USD,0.115643,0.057212,0.00,0
202310,UCazOq8NVP9o6Yh-o0g5hwxg,YouTube Shorts - Ads Revenue,USD,0.000854,0.000161,0.00,0
202310,UCbaqpJAWv0v2XWuzGRo_oGw,Ads Revenue,USD,16.789353,1.491373,0.00,0
202310,UCbaqpJAWv0v2XWuzGRo_oGw,Subscriptions Revenue - YouTube Premium / Music Premium,USD,0.091694,0.050329,0.00,0
202310,UCbaqpJAWv0v2XWuzGRo_oGw,YouTube Shorts - Ads Revenue,USD,0.165643,0.032039,0.00,0
202310,UCbaqpJAWv0v2XWuzGRo_oGw,YouTube Shorts - Subscription Revenue,USD,0.002581,0.001296,0.00,0
202310,UCbeWC27APxBN0hReAk844wg,Ads Revenue,USD,95.216286,25.32132,0.00,0
202310,UCbeWC27APxBN0hReAk844wg,Subscriptions Revenue - YouTube Premium / Music Premium,USD,1.098589,0.668262,0.00,0
202310,UCbeWC27APxBN0hReAk844wg,YouTube Shorts - Ads Revenue,USD,0.048738,0.010304,0.00,0
202310,UCbeWC27APxBN0hReAk844wg,YouTube Shorts - Subscription Revenue,USD,0.000689,0.000362,0.00,0
202310,UCc0f-mRwJ-eVKkRa2_pjAJQ,Ads Revenue,USD,28.917949,2.611416,0.00,0
202310,UCc0f-mRwJ-eVKkRa2_pjAJQ,Subscriptions Revenue - YouTube Premium / Music Premium,USD,0.065963,0.021237,0.00,0
202310,UCcHNii295LxPMDkxC187BSw,Ads Revenue,USD,145.209526,29.882593,0.00,0
202310,UCcHNii295LxPMDkxC187BSw,Subscriptions Revenue - YouTube Premium / Music Premium,USD,2.150711,1.420905,0.00,0
202310,UCcHNii295LxPMDkxC187BSw,YouTube Shorts - Ads Revenue,USD,0.015252,0.00322,0.00,0
202310,UCcHNii295LxPMDkxC187BSw,YouTube Shorts - Subscription Revenue,USD,0.00107,0.000876,0.00,0
202310,UCcZeOVEbfg9LqDQkSAiruPw,Ads Revenue,USD,113.634042,12.894562,0.00,0
202310,UCcZeOVEbfg9LqDQkSAiruPw,Subscriptions Revenue - YouTube Premium / Music Premium,USD,5.521531,1.555773,0.00,0
202310,UCcZeOVEbfg9LqDQkSAiruPw,YouTube Shorts - Ads Revenue,USD,27.915046,4.425237,0.00,0
202310,UCcZeOVEbfg9LqDQkSAiruPw,YouTube Shorts - Subscription Revenue,USD,4.766893,1.009663,0.00,0
202310,UCciEz3zDJdfpbzdD0xcpp4w,Ads Revenue,USD,69.991106,7.289102,0.00,0
202310,UCciEz3zDJdfpbzdD0xcpp4w,Subscriptions Revenue - YouTube Premium / Music Premium,USD,1.446037,0.554958,0.00,0
202310,UCciEz3zDJdfpbzdD0xcpp4w,YouTube Shorts - Ads Revenue,USD,0.00081,0.000161,0.00,0
202310,UCciEz3zDJdfpbzdD0xcpp4w,YouTube Shorts - Subscription Revenue,USD,0.00001,0,0.00,0
202310,UCcvINW0IhxBIrzjC7OEumcQ,Ads Revenue,USD,402.653846,131.68723,0.00,0
202310,UCcvINW0IhxBIrzjC7OEumcQ,Subscriptions Revenue - YouTube Premium / Music Premium,USD,26.389726,15.491066,0.00,0
202310,UCcvINW0IhxBIrzjC7OEumcQ,Transactions Revenue - Others,USD,4.199237,0,0.00,0
202310,UCcvINW0IhxBIrzjC7OEumcQ,YouTube Shorts - Ads Revenue,USD,0.134547,0.043953,0.00,0
202310,UCcvINW0IhxBIrzjC7OEumcQ,YouTube Shorts - Subscription Revenue,USD,0.010905,0.006516,0.00,0
202310,UCdxJmSUYmmcHvYLUUa303Kg,Ads Revenue,USD,13733.150459,895.009697,0.00,0
202310,UCdxJmSUYmmcHvYLUUa303Kg,Subscriptions Revenue - YouTube Premium / Music Premium,USD,292.693066,35.086753,0.00,0
202310,UCe9pVmC9VWLON835WSevAiQ,Ads Revenue,USD,48.493159,4.171556,0.00,0
202310,UCe9pVmC9VWLON835WSevAiQ,Subscriptions Revenue - YouTube Premium / Music Premium,USD,4.533296,0.694621,0.00,0
202310,UCe9pVmC9VWLON835WSevAiQ,YouTube Shorts - Ads Revenue,USD,4.786304,0.761368,0.00,0
202310,UCe9pVmC9VWLON835WSevAiQ,YouTube Shorts - Subscription Revenue,USD,8.224621,1.689027,0.00,0
202310,UCeiXi4RQQmjcTsxQiBkfj3g,Ads Revenue,USD,38.381443,8.757523,0.00,0
202310,UCeiXi4RQQmjcTsxQiBkfj3g,Subscriptions Revenue - YouTube Premium / Music Premium,USD,0.588608,0.43893,0.00,0
202310,UCeiXi4RQQmjcTsxQiBkfj3g,YouTube Shorts - Ads Revenue,USD,0.125481,0.033327,0.00,0
202310,UCeiXi4RQQmjcTsxQiBkfj3g,YouTube Shorts - Subscription Revenue,USD,0.003936,0.002753,0.00,0
202310,UCf1QTNQZb0Qh9VUwtT76GuQ,Ads Revenue,USD,91.60079,11.901178,0.00,0
202310,UCf1QTNQZb0Qh9VUwtT76GuQ,Subscriptions Revenue - YouTube Premium / Music Premium,USD,0.624926,0.477587,0.00,0
202310,UCf1QTNQZb0Qh9VUwtT76GuQ,YouTube Shorts - Ads Revenue,USD,2.33259,0.616951,0.00,0
202310,UCf1QTNQZb0Qh9VUwtT76GuQ,YouTube Shorts - Subscription Revenue,USD,0.047572,0.024769,0.00,0
202310,UCfBQuD9fWBdFQm5crs6E7mg,Ads Revenue,USD,32354.581388,2405.763419,0.00,0
202310,UCfBQuD9fWBdFQm5crs6E7mg,Subscriptions Revenue - YouTube Premium / Music Premium,USD,1959.871542,239.639498,0.00,0
202310,UCfVYqARyU_OkRknNpxrmX0A,Ads Revenue,USD,12974.851756,6411.717279,0.00,0
202310,UCfVYqARyU_OkRknNpxrmX0A,Subscriptions Revenue - YouTube Premium / Music Premium,USD,224.947508,124.389643,0.00,0
202310,UCfVYqARyU_OkRknNpxrmX0A,YouTube Shorts - Ads Revenue,USD,0.091455,0.041538,0.00,0
202310,UCfVYqARyU_OkRknNpxrmX0A,YouTube Shorts - Subscription Revenue,USD,0.004303,0.002744,0.00,0
202310,UCfxynXFO1_nm4DNemLdUiaw,Ads Revenue,USD,18.057494,5.755499,0.00,0
202310,UCfxynXFO1_nm4DNemLdUiaw,Subscriptions Revenue - YouTube Premium / Music Premium,USD,0.194471,0.134695,0.00,0
202310,UCfxynXFO1_nm4DNemLdUiaw,YouTube Shorts - Ads Revenue,USD,0.005317,0.00161,0.00,0
202310,UCg7o7asrgEXSt2UIiDCtnbQ,Ads Revenue,USD,155.605173,38.01653,0.00,0
202310,UCg7o7asrgEXSt2UIiDCtnbQ,Subscriptions Revenue - YouTube Premium / Music Premium,USD,2.95953,2.089724,0.00,0
202310,UCg7o7asrgEXSt2UIiDCtnbQ,YouTube Shorts - Ads Revenue,USD,0.204905,0.056833,0.00,0
202310,UCg7o7asrgEXSt2UIiDCtnbQ,YouTube Shorts - Subscription Revenue,USD,0.008257,0.005667,0.00,0
202310,UCgCpSpI56v5Y-csV42zGnwg,Ads Revenue,USD,85.000347,32.125244,0.00,0
202310,UCgCpSpI56v5Y-csV42zGnwg,Subscriptions Revenue - YouTube Premium / Music Premium,USD,3.310501,2.329107,0.00,0
202310,UCgctaqdk2_RylCjv-NS4lGw,Ads Revenue,USD,918.788727,293.480708,0.00,0
202310,UCgctaqdk2_RylCjv-NS4lGw,Subscriptions Revenue - YouTube Premium / Music Premium,USD,31.445019,24.039233,0.00,0
202310,UCgvPE_DC9Q-ZJNAaXbppNVA,Subscriptions Revenue - YouTube Premium / Music Premium,USD,0.046901,0.004789,0.00,0
202310,UCgvPE_DC9Q-ZJNAaXbppNVA,YouTube Shorts - Ads Revenue,USD,85.707136,11.82833,0.00,0
202310,UCgvPE_DC9Q-ZJNAaXbppNVA,YouTube Shorts - Subscription Revenue,USD,31.431317,5.085535,0.00,0
202310,UCh6uBj4V9Su7Mxsx5ru-i0g,Ads Revenue,USD,146.91102,82.379594,0.00,0
202310,UCh6uBj4V9Su7Mxsx5ru-i0g,Subscriptions Revenue - YouTube Premium / Music Premium,USD,5.64807,4.456104,0.00,0
202310,UCh6uBj4V9Su7Mxsx5ru-i0g,YouTube Shorts - Ads Revenue,USD,0.468844,0.213805,0.00,0
202310,UCh6uBj4V9Su7Mxsx5ru-i0g,YouTube Shorts - Subscription Revenue,USD,0.024695,0.020877,0.00,0
202310,UChVXBzQ2mzpT1-dJ1wPiHhQ,Ads Revenue,USD,76.773523,12.054016,0.00,0
202310,UChVXBzQ2mzpT1-dJ1wPiHhQ,Subscriptions Revenue - YouTube Premium / Music Premium,USD,1.18271,0.623157,0.00,0
202310,UChvFhQHYcc_NSGJcfZbE6_w,Ads Revenue,USD,4.743005,0.295621,0.00,0
202310,UChvFhQHYcc_NSGJcfZbE6_w,Subscriptions Revenue - YouTube Premium / Music Premium,USD,0.053078,0.016638,0.00,0
202310,UChvFhQHYcc_NSGJcfZbE6_w,YouTube Shorts - Ads Revenue,USD,0.009504,0.004186,0.00,0
202310,UChvFhQHYcc_NSGJcfZbE6_w,YouTube Shorts - Subscription Revenue,USD,0.000463,0,0.00,0
202310,UCif_LFEAFuLxW75FGInSUFA,Ads Revenue,USD,714.077694,77.444995,0.00,0
202310,UCif_LFEAFuLxW75FGInSUFA,Subscriptions Revenue - YouTube Premium / Music Premium,USD,177.021335,21.101933,0.00,0
202310,UCif_LFEAFuLxW75FGInSUFA,YouTube Shorts - Ads Revenue,USD,0.000028,0,0.00,0
202310,UCihEgsbnfPLE9yMNiJFyC7A,Ads Revenue,USD,368.77522,138.989027,0.00,0
202310,UCihEgsbnfPLE9yMNiJFyC7A,Subscriptions Revenue - YouTube Premium / Music Premium,USD,9.829488,6.432534,0.00,0
202310,UCjYVkgSn-LyRyAMBW4RrWwg,Ads Revenue,USD,79.687164,25.73551,0.00,0
202310,UCjYVkgSn-LyRyAMBW4RrWwg,Subscriptions Revenue - YouTube Premium / Music Premium,USD,2.332543,1.627425,0.00,0
202310,UCkzmqePMXTgHm17w9QJCsBA,Ads Revenue,USD,3.898188,0.02695,0.00,0
202310,UCkzmqePMXTgHm17w9QJCsBA,Subscriptions Revenue - YouTube Premium / Music Premium,USD,0.085676,0.07441,0.00,0
202310,UCl1wTDPjTdLwZin6ypHTJbQ,Ads Revenue,USD,63.52967,19.843699,0.00,0
202310,UCl1wTDPjTdLwZin6ypHTJbQ,Subscriptions Revenue - YouTube Premium / Music Premium,USD,1.362609,1.026873,0.00,0
202310,UCl1wTDPjTdLwZin6ypHTJbQ,YouTube Shorts - Ads Revenue,USD,0.025729,0.006601,0.00,0
202310,UCl1wTDPjTdLwZin6ypHTJbQ,YouTube Shorts - Subscription Revenue,USD,0.000929,0.000581,0.00,0
202310,UCl5PIokd1VXnLWtyYqbPefA,Ads Revenue,USD,172.577459,55.584704,0.00,0
202310,UCl5PIokd1VXnLWtyYqbPefA,Subscriptions Revenue - YouTube Premium / Music Premium,USD,2.023045,1.610317,0.00,0
202310,UCl5PIokd1VXnLWtyYqbPefA,YouTube Shorts - Ads Revenue,USD,1.390818,0.561084,0.00,0
202310,UCl5PIokd1VXnLWtyYqbPefA,YouTube Shorts - Subscription Revenue,USD,0.048504,0.037296,0.00,0
202310,UCl8Pip_u7jNmDz1q-al7PWQ,Ads Revenue,USD,2.21006,0.026494,0.00,0
202310,UCl8Pip_u7jNmDz1q-al7PWQ,Subscriptions Revenue - YouTube Premium / Music Premium,USD,0.038085,0.003674,0.00,0
202310,UCl8Pip_u7jNmDz1q-al7PWQ,YouTube Shorts - Ads Revenue,USD,0.002309,0,0.00,0
202310,UClFFz5zk4fx5ky_tmfgcbNw,Ads Revenue,USD,17.243137,1.744148,0.00,0
202310,UClFFz5zk4fx5ky_tmfgcbNw,Subscriptions Revenue - YouTube Premium / Music Premium,USD,1.216588,0.116852,0.00,0
202310,UClFFz5zk4fx5ky_tmfgcbNw,YouTube Shorts - Ads Revenue,USD,0.008152,0.000483,0.00,0
202310,UClFFz5zk4fx5ky_tmfgcbNw,YouTube Shorts - Subscription Revenue,USD,0.002217,0.000362,0.00,0
202310,UCla7dyY-WTJ-zDVOmwcZZZg,Ads Revenue,USD,4858.270218,645.18087,0.00,0
202310,UCla7dyY-WTJ-zDVOmwcZZZg,Subscriptions Revenue - YouTube Premium / Music Premium,USD,158.4549,36.827888,0.00,0
202310,UClyE55q_hONvhixmzqHTKBQ,Ads Revenue,USD,6.520284,0.975272,0.00,0
202310,UClyE55q_hONvhixmzqHTKBQ,Subscriptions Revenue - YouTube Premium / Music Premium,USD,0.04734,0.013241,0.00,0
202310,UClyE55q_hONvhixmzqHTKBQ,YouTube Shorts - Ads Revenue,USD,0.000784,0,0.00,0
202310,UCmNDf2w5wy9m61bq7IqmWZg,Ads Revenue,USD,1485.928399,261.225515,0.00,0
202310,UCmNDf2w5wy9m61bq7IqmWZg,Subscriptions Revenue - YouTube Premium / Music Premium,USD,364.529934,74.023369,0.00,0
202310,UCmNDf2w5wy9m61bq7IqmWZg,Transactions Revenue - Others,USD,116.144412,34.272,0.00,0
202310,UCmNDf2w5wy9m61bq7IqmWZg,Super Thanks,USD,10.943564,3.78,0.00,0
202310,UCmNDf2w5wy9m61bq7IqmWZg,YouTube Shorts - Ads Revenue,USD,0.113932,0.023023,0.00,0
202310,UCmNDf2w5wy9m61bq7IqmWZg,YouTube Shorts - Subscription Revenue,USD,0.030792,0.007144,0.00,0
202310,UCmq1Lg7I5vV9ZyCi3O8XnWw,Ads Revenue,USD,9.30705,3.801785,0.00,0
202310,UCmq1Lg7I5vV9ZyCi3O8XnWw,Subscriptions Revenue - YouTube Premium / Music Premium,USD,0.241696,0.209986,0.00,0
202310,UCmq1Lg7I5vV9ZyCi3O8XnWw,YouTube Shorts - Ads Revenue,USD,0.101235,0.0322,0.00,0
202310,UCmq1Lg7I5vV9ZyCi3O8XnWw,YouTube Shorts - Subscription Revenue,USD,0.005692,0.004733,0.00,0
202310,UCnALvkOlLDYqNoeNguy2AcQ,Ads Revenue,USD,12043.687938,1442.376564,0.00,0
202310,UCnALvkOlLDYqNoeNguy2AcQ,Subscriptions Revenue - YouTube Premium / Music Premium,USD,167.873896,77.415663,0.00,0
202310,UCnALvkOlLDYqNoeNguy2AcQ,YouTube Shorts - Ads Revenue,USD,0.350968,0.102879,0.00,0
202310,UCnALvkOlLDYqNoeNguy2AcQ,YouTube Shorts - Subscription Revenue,USD,0.009298,0.005994,0.00,0
202310,UCnPXLrEkiGzzUscp2pGk3DQ,Ads Revenue,USD,4897.676042,303.683788,0.00,0
202310,UCnPXLrEkiGzzUscp2pGk3DQ,Subscriptions Revenue - YouTube Premium / Music Premium,USD,186.515261,28.020796,0.00,0
202310,UCnuDIueSNsocytYJUxY5x3Q,Ads Revenue,USD,4428.252219,2154.919978,0.00,0
202310,UCnuDIueSNsocytYJUxY5x3Q,Subscriptions Revenue - YouTube Premium / Music Premium,USD,77.378206,40.969625,0.00,0
202310,UCnuDIueSNsocytYJUxY5x3Q,YouTube Shorts - Ads Revenue,USD,0.016535,0.007728,0.00,0
202310,UCnuDIueSNsocytYJUxY5x3Q,YouTube Shorts - Subscription Revenue,USD,0.000785,0.000362,0.00,0
202310,UCp5_O3MuvQY1_ci4_YeYrpw,Ads Revenue,USD,4.75898,0.302998,0.00,0
202310,UCp5_O3MuvQY1_ci4_YeYrpw,Subscriptions Revenue - YouTube Premium / Music Premium,USD,0.008365,0.005516,0.00,0
202310,UCp8w33dnSTxul1OFZyOyMRQ,Ads Revenue,USD,49.517342,18.697451,0.00,0
202310,UCp8w33dnSTxul1OFZyOyMRQ,Subscriptions Revenue - YouTube Premium / Music Premium,USD,0.811524,0.521783,0.00,0
202310,UCpatAgSNvMpA7Y3dKkZqbYQ,Ads Revenue,USD,29967.121405,2169.554116,0.00,0
202310,UCpatAgSNvMpA7Y3dKkZqbYQ,Subscriptions Revenue - YouTube Premium / Music Premium,USD,1441.576036,157.900259,0.00,0
202310,UCpfo8B-TUnFQ-T3Z7Pmm2_Q,Ads Revenue,USD,342.528037,136.099321,0.00,0
202310,UCpfo8B-TUnFQ-T3Z7Pmm2_Q,Subscriptions Revenue - YouTube Premium / Music Premium,USD,11.641738,8.028339,0.00,0
202310,UCpwyHCnix1lxwpQ1A_ZzFUg,Ads Revenue,USD,0.061589,0,0.00,0
202310,UCpwyHCnix1lxwpQ1A_ZzFUg,Subscriptions Revenue - YouTube Premium / Music Premium,USD,0.000509,0,0.00,0
202310,UCpwyHCnix1lxwpQ1A_ZzFUg,YouTube Shorts - Ads Revenue,USD,9.148218,0.875518,0.00,0
202310,UCpwyHCnix1lxwpQ1A_ZzFUg,YouTube Shorts - Subscription Revenue,USD,0.818429,0.111224,0.00,0
202310,UCpxQtNSY_jj7eQsmdD-_Kog,Ads Revenue,USD,2323.044702,149.581865,0.00,0
202310,UCpxQtNSY_jj7eQsmdD-_Kog,Subscriptions Revenue - YouTube Premium / Music Premium,USD,61.459286,7.984683,0.00,0
202310,UCq8v8s0Q0a2sizY23xVl3Ng,Ads Revenue,USD,604.630405,135.53006,0.00,0
202310,UCq8v8s0Q0a2sizY23xVl3Ng,Subscriptions Revenue - YouTube Premium / Music Premium,USD,7.601566,3.70339,0.00,0
202310,UCqgeiNlEZftf6uuKfvd9s1A,Ads Revenue,USD,0.705089,0.149219,0.00,0
202310,UCqgeiNlEZftf6uuKfvd9s1A,Subscriptions Revenue - YouTube Premium / Music Premium,USD,0.017985,0.017287,0.00,0
202310,UCqgeiNlEZftf6uuKfvd9s1A,YouTube Shorts - Ads Revenue,USD,0.37984,0.089516,0.00,0
202310,UCqgeiNlEZftf6uuKfvd9s1A,YouTube Shorts - Subscription Revenue,USD,0.017776,0.010439,0.00,0
202310,UCqmVEL1L0MTc5NP6Ffh9P0Q,Ads Revenue,USD,1.076079,0.061888,0.00,0
202310,UCqmVEL1L0MTc5NP6Ffh9P0Q,Subscriptions Revenue - YouTube Premium / Music Premium,USD,0.138498,0,0.00,0
202310,UCqmVEL1L0MTc5NP6Ffh9P0Q,YouTube Shorts - Ads Revenue,USD,0.00138,0.000322,0.00,0
202310,UCqmVEL1L0MTc5NP6Ffh9P0Q,YouTube Shorts - Subscription Revenue,USD,0.000146,0,0.00,0
202310,UCqwfr8aP7YRqiXx5TJyuesg,Ads Revenue,USD,4.06956,1.434059,0.00,0
202310,UCqwfr8aP7YRqiXx5TJyuesg,Subscriptions Revenue - YouTube Premium / Music Premium,USD,0.145793,0.09897,0.00,0
202310,UCqwfr8aP7YRqiXx5TJyuesg,YouTube Shorts - Ads Revenue,USD,0.002033,0.000966,0.00,0
202310,UCqwfr8aP7YRqiXx5TJyuesg,YouTube Shorts - Subscription Revenue,USD,0.000461,0.000362,0.00,0
202310,UCsFv3Bu_OrzXT1BSQ2rxbUg,Ads Revenue,USD,75.542801,24.865505,0.00,0
202310,UCsFv3Bu_OrzXT1BSQ2rxbUg,Subscriptions Revenue - YouTube Premium / Music Premium,USD,1.981846,1.415574,0.00,0
202310,UCsFv3Bu_OrzXT1BSQ2rxbUg,YouTube Shorts - Ads Revenue,USD,0.006468,0.001932,0.00,0
202310,UCsFv3Bu_OrzXT1BSQ2rxbUg,YouTube Shorts - Subscription Revenue,USD,0.000543,0.000362,0.00,0
202310,UCt531kDgjvY5QadlKjVDrrw,Ads Revenue,USD,0.613061,0.058907,0.00,0
202310,UCt531kDgjvY5QadlKjVDrrw,Subscriptions Revenue - YouTube Premium / Music Premium,USD,0.020051,0.006614,0.00,0
202310,UCt531kDgjvY5QadlKjVDrrw,YouTube Shorts - Ads Revenue,USD,0.000322,0,0.00,0
202310,UCt531kDgjvY5QadlKjVDrrw,YouTube Shorts - Subscription Revenue,USD,0.000164,0,0.00,0
202310,UCtFbE0nu4pYL8XTZOVC6X7A,Ads Revenue,USD,3589.514995,431.933273,0.00,0
202310,UCtFbE0nu4pYL8XTZOVC6X7A,Subscriptions Revenue - YouTube Premium / Music Premium,USD,232.603782,52.694369,0.00,0
202310,UCtFbE0nu4pYL8XTZOVC6X7A,YouTube Shorts - Ads Revenue,USD,2.398272,0.295434,0.00,0
202310,UCtFbE0nu4pYL8XTZOVC6X7A,YouTube Shorts - Subscription Revenue,USD,0.112835,0.017146,0.00,0
202310,UCtIi_6b4-xXdSZTKCoDxMSw,Ads Revenue,USD,170.448833,95.678576,24.00,40.90772
202310,UCtIi_6b4-xXdSZTKCoDxMSw,Subscriptions Revenue - YouTube Premium / Music Premium,USD,5.475191,4.433714,24.00,1.314046
202310,UCtIi_6b4-xXdSZTKCoDxMSw,YouTube Shorts - Ads Revenue,USD,0.728787,0.505701,24.00,0.174909
202310,UCtIi_6b4-xXdSZTKCoDxMSw,YouTube Shorts - Subscription Revenue,USD,0.046767,0.034866,24.00,0.011224
202310,UCtKcnfWq_f5xtRPe0TLqo6w,Ads Revenue,USD,7.414744,3.47239,0.00,0
202310,UCtKcnfWq_f5xtRPe0TLqo6w,Subscriptions Revenue - YouTube Premium / Music Premium,USD,0.113684,0.077139,0.00,0
202310,UCtqaUZKkHzwf_oOo1ikIBjA,Ads Revenue,USD,67.667052,14.302164,0.00,0
202310,UCtqaUZKkHzwf_oOo1ikIBjA,Subscriptions Revenue - YouTube Premium / Music Premium,USD,1.282737,1.077346,0.00,0
202310,UCu-GtKgp9UThfVGU3mW76kw,Ads Revenue,USD,23.414466,4.46664,0.00,0
202310,UCu-GtKgp9UThfVGU3mW76kw,Subscriptions Revenue - YouTube Premium / Music Premium,USD,0.384317,0.255931,0.00,0
202310,UCu-GtKgp9UThfVGU3mW76kw,YouTube Shorts - Ads Revenue,USD,0.020069,0.004186,0.00,0
202310,UCu-GtKgp9UThfVGU3mW76kw,YouTube Shorts - Subscription Revenue,USD,0.003749,0.003723,0.00,0
202310,UCuUOYvz5Cg3qN0Gg0J4IR8g,Ads Revenue,USD,2.037325,0.103496,0.00,0
202310,UCuUOYvz5Cg3qN0Gg0J4IR8g,Subscriptions Revenue - YouTube Premium / Music Premium,USD,0.064058,0.017223,0.00,0
202310,UCuUOYvz5Cg3qN0Gg0J4IR8g,YouTube Shorts - Ads Revenue,USD,0.168522,0.010465,0.00,0
202310,UCuUOYvz5Cg3qN0Gg0J4IR8g,YouTube Shorts - Subscription Revenue,USD,0.014064,0.003048,0.00,0
202310,UCuc5KisK6r9_TfX6bbbF7Qw,Ads Revenue,USD,409.311132,60.033425,24.00,98.234672
202310,UCuc5KisK6r9_TfX6bbbF7Qw,Subscriptions Revenue - YouTube Premium / Music Premium,USD,32.927953,5.893866,24.00,7.902709
202310,UCuc5KisK6r9_TfX6bbbF7Qw,YouTube Shorts - Ads Revenue,USD,0.038494,0.00644,24.00,0.009239
202310,UCuc5KisK6r9_TfX6bbbF7Qw,YouTube Shorts - Subscription Revenue,USD,0.012044,0.001019,24.00,0.002891
202310,UCvRyksHbjTW0lzXYdQXf4eg,Subscriptions Revenue - YouTube Premium / Music Premium,USD,0.005291,0,0.00,0
202310,UCwsaB6b906uHUjPZ9IsJGPw,Ads Revenue,USD,4.101965,1.791929,0.00,0
202310,UCwsaB6b906uHUjPZ9IsJGPw,Subscriptions Revenue - YouTube Premium / Music Premium,USD,0.046286,0.039183,0.00,0
202310,UCwsaB6b906uHUjPZ9IsJGPw,YouTube Shorts - Ads Revenue,USD,0.041841,0.011431,0.00,0
202310,UCwsaB6b906uHUjPZ9IsJGPw,YouTube Shorts - Subscription Revenue,USD,0.002403,0.001162,0.00,0
202310,UCx-vP6EocQwoe67Z0grcu4Q,Ads Revenue,USD,0.252606,0.029318,0.00,0
202310,UCx-vP6EocQwoe67Z0grcu4Q,Subscriptions Revenue - YouTube Premium / Music Premium,USD,0.03189,0.00879,0.00,0
202310,UCxJNA0uChrwukm7g8AqgVIg,Ads Revenue,USD,48.856534,12.416041,0.00,0
202310,UCxJNA0uChrwukm7g8AqgVIg,Subscriptions Revenue - YouTube Premium / Music Premium,USD,2.177759,1.66302,0.00,0
202310,UCxJNA0uChrwukm7g8AqgVIg,YouTube Shorts - Ads Revenue,USD,0.000536,0,0.00,0
202310,UCxJNA0uChrwukm7g8AqgVIg,YouTube Shorts - Subscription Revenue,USD,0.000082,0,0.00,0
202310,UCxL16o-ZalxaUBdfShUxG7Q,Subscriptions Revenue - YouTube Premium / Music Premium,USD,0.033872,0.007984,0.00,0
202310,UCxL16o-ZalxaUBdfShUxG7Q,YouTube Shorts - Ads Revenue,USD,0.002574,0.000161,0.00,0
202310,UCxL16o-ZalxaUBdfShUxG7Q,YouTube Shorts - Subscription Revenue,USD,0.000541,0.000143,0.00,0
202310,UCxSZ3_IiSLUy2sQ9D40tEtw,Ads Revenue,USD,50.153912,4.634077,0.00,0
202310,UCxSZ3_IiSLUy2sQ9D40tEtw,Subscriptions Revenue - YouTube Premium / Music Premium,USD,2.908674,0.470189,0.00,0
202310,UCxSZ3_IiSLUy2sQ9D40tEtw,YouTube Shorts - Ads Revenue,USD,77.962771,10.522638,0.00,0
202310,UCxSZ3_IiSLUy2sQ9D40tEtw,YouTube Shorts - Subscription Revenue,USD,19.810001,3.284114,0.00,0
202310,UCxu4GHWFt9ifMJU7ktf0e0g,Ads Revenue,USD,84.872891,38.323605,0.00,0
202310,UCxu4GHWFt9ifMJU7ktf0e0g,Subscriptions Revenue - YouTube Premium / Music Premium,USD,4.096298,2.662882,0.00,0
202310,UCxu4GHWFt9ifMJU7ktf0e0g,YouTube Shorts - Ads Revenue,USD,0.266556,0.077601,0.00,0
202310,UCxu4GHWFt9ifMJU7ktf0e0g,YouTube Shorts - Subscription Revenue,USD,0.007733,0.006172,0.00,0
202310,UCxxmSDoGbyDDmZFDZ-ABNNw,Ads Revenue,USD,4.634696,0.355359,0.00,0
202310,UCxxmSDoGbyDDmZFDZ-ABNNw,Subscriptions Revenue - YouTube Premium / Music Premium,USD,0.208325,0.025822,0.00,0
202310,UCxxmSDoGbyDDmZFDZ-ABNNw,YouTube Shorts - Ads Revenue,USD,132.268425,11.00418,0.00,0
202310,UCxxmSDoGbyDDmZFDZ-ABNNw,YouTube Shorts - Subscription Revenue,USD,16.707384,2.065105,0.00,0
202310,UCy9JiCTSreQx3djWHABtMCQ,Ads Revenue,USD,4233.265207,221.562858,0.00,0
202310,UCy9JiCTSreQx3djWHABtMCQ,Subscriptions Revenue - YouTube Premium / Music Premium,USD,173.719784,23.842159,0.00,0
202310,UCyTtNuGvBsIiFbRmdXAnvWw,Ads Revenue,USD,166.598101,60.770418,0.00,0
202310,UCyTtNuGvBsIiFbRmdXAnvWw,Subscriptions Revenue - YouTube Premium / Music Premium,USD,7.634689,5.731163,0.00,0
202310,UCyjJpmRA7SbCPYDMNEOs1vg,Ads Revenue,USD,315.068566,16.685116,0.00,0
202310,UCyjJpmRA7SbCPYDMNEOs1vg,Subscriptions Revenue - YouTube Premium / Music Premium,USD,12.976023,1.398302,0.00,0
202310,UCyjJpmRA7SbCPYDMNEOs1vg,YouTube Shorts - Ads Revenue,USD,4.154795,0.207529,0.00,0
202310,UCyjJpmRA7SbCPYDMNEOs1vg,YouTube Shorts - Subscription Revenue,USD,0.599575,0.040137,0.00,0
202310,UCytPUyMevR4k7MZPXEgHJbA,Ads Revenue,USD,1200.557918,111.529238,0.00,0
202310,UCytPUyMevR4k7MZPXEgHJbA,Subscriptions Revenue - YouTube Premium / Music Premium,USD,41.220474,7.832416,0.00,0
202310,UCz3XThIvTKuvvJHeceZjreA,Ads Revenue,USD,26.886726,9.674821,0.00,0
202310,UCz3XThIvTKuvvJHeceZjreA,Subscriptions Revenue - YouTube Premium / Music Premium,USD,0.561251,0.476431,0.00,0
202310,UCz3XThIvTKuvvJHeceZjreA,YouTube Shorts - Ads Revenue,USD,0.004855,0.002254,0.00,0
202310,UCz3XThIvTKuvvJHeceZjreA,YouTube Shorts - Subscription Revenue,USD,0.000041,0,0.00,0
202310,UCzKA5R6kuu9H1KkUtFeLqGA,Ads Revenue,USD,403.725269,32.852943,0.00,0
202310,UCzKA5R6kuu9H1KkUtFeLqGA,Subscriptions Revenue - YouTube Premium / Music Premium,USD,14.360277,2.328833,0.00,0
202310,UCzWgxD3cGMURPSMIMi-wczw,Ads Revenue,USD,3.605612,0.416117,0.00,0
202310,UCzWgxD3cGMURPSMIMi-wczw,Subscriptions Revenue - YouTube Premium / Music Premium,USD,0.010744,0.004297,0.00,0
202310,UCzWgxD3cGMURPSMIMi-wczw,YouTube Shorts - Ads Revenue,USD,0.005525,0.002093,0.00,0
202310,UCzWgxD3cGMURPSMIMi-wczw,YouTube Shorts - Subscription Revenue,USD,0.000278,0,0.00,0
202310,UCzmkbC2wl4mj4zEhHaQDv6w,Ads Revenue,USD,13.535072,4.568916,0.00,0
202310,UCzmkbC2wl4mj4zEhHaQDv6w,Subscriptions Revenue - YouTube Premium / Music Premium,USD,0.352008,0.260881,0.00,0
202310,UCzmkbC2wl4mj4zEhHaQDv6w,YouTube Shorts - Ads Revenue,USD,0.161209,0.038318,0.00,0
202310,UCzmkbC2wl4mj4zEhHaQDv6w,YouTube Shorts - Subscription Revenue,USD,0.005995,0.002877,0.00,0
202310,UCzmqfljEQzbiPU6aSih9npg,Ads Revenue,USD,993.49744,49.469157,0.00,0
202310,UCzmqfljEQzbiPU6aSih9npg,Subscriptions Revenue - YouTube Premium / Music Premium,USD,45.578989,8.398393,0.00,0
202310,UCzrtSbkOr4LLMx2TB4PXCGw,Ads Revenue,USD,249.58114,38.196637,0.00,0
202310,UCzrtSbkOr4LLMx2TB4PXCGw,Subscriptions Revenue - YouTube Premium / Music Premium,USD,58.82937,8.73759,0.00,0
202310,UCzrtSbkOr4LLMx2TB4PXCGw,YouTube Shorts - Ads Revenue,USD,0.141273,0.035098,0.00,0
202310,UCzrtSbkOr4LLMx2TB4PXCGw,YouTube Shorts - Subscription Revenue,USD,0.088612,0.012576,0.00,0
